Date,Children apprehended and placed in CBP custody*,Children in CBP custody,Children transferred out of CBP custody,Children in HHS Care,Children discharged from HHS Care,Total_System_Load,Net_Intake_Pressure,Cumulative_Backlog,System_Strain,Volatility_Index
2023-01-12,33.0,53.0,34.0,6566,436.0,6619.0,-402.0,-402.0,False,0.0
2023-01-22,32.0,49.0,39.0,7122,227.0,7171.0,-188.0,-590.0,False,0.0
2023-01-23,32.0,50.0,39.0,7280,181.0,7330.0,-142.0,-732.0,False,0.0
2023-01-24,47.0,42.0,47.0,7433,175.0,7475.0,-128.0,-860.0,False,0.0
2023-01-25,20.0,22.0,41.0,7538,180.0,7560.0,-139.0,-999.0,False,0.0
2023-01-29,23.0,45.0,11.0,7472,303.0,7517.0,-292.0,-1291.0,False,0.0
2023-01-30,34.0,54.0,29.0,7743,196.0,7797.0,-167.0,-1458.0,False,8.695921320886454
2023-01-31,26.0,36.0,36.0,7803,158.0,7839.0,-122.0,-1580.0,False,8.904252595569954
2023-02-01,25.0,32.0,27.0,7903,231.0,7935.0,-204.0,-1784.0,False,9.107819769427858
2023-02-02,15.0,13.0,23.0,7879,298.0,7892.0,-275.0,-2059.0,False,10.51076545624487
2023-02-05,16.0,18.0,15.0,7586,342.0,7604.0,-327.0,-2386.0,False,6.524678426668132
2023-02-06,11.0,22.0,12.0,7720,196.0,7742.0,-184.0,-2570.0,False,7.892129895390359
2023-02-07,16.0,20.0,20.0,7855,200.0,7875.0,-180.0,-2750.0,False,8.100558475750148
2023-02-08,93.0,196.0,169.0,7915,317.0,8111.0,-148.0,-2898.0,False,28.806414629549508
2023-02-09,124.0,234.0,161.0,7908,353.0,8142.0,-192.0,-3090.0,False,45.91814663590191
2023-02-12,92.0,203.0,173.0,7434,317.0,7637.0,-144.0,-3234.0,False,48.48662063860897
2023-02-13,186.0,259.0,172.0,7483,244.0,7742.0,-72.0,-3306.0,False,66.29335957552253
2023-02-14,154.0,225.0,220.0,7794,223.0,8019.0,-3.0,-3309.0,False,65.69590840343393
2023-02-15,91.0,199.0,172.0,7869,290.0,8068.0,-118.0,-3427.0,False,54.298557378012674
2023-02-16,81.0,213.0,153.0,7793,361.0,8006.0,-208.0,-3635.0,False,39.47874654255667
2023-02-20,209.0,285.0,184.0,7817,209.0,8102.0,-25.0,-3660.0,False,50.41636166771186
2023-02-21,184.0,314.0,217.0,7967,213.0,8281.0,4.0,-3656.0,True,53.46917224861802
2023-02-22,107.0,215.0,230.0,7978,232.0,8193.0,-2.0,-3658.0,False,51.37073467405721
2023-02-23,101.0,162.0,178.0,7914,386.0,8076.0,-208.0,-3866.0,False,49.972849771508095
2023-02-26,99.0,190.0,176.0,7609,323.0,7799.0,-147.0,-4013.0,False,50.338378807351184
2023-02-27,167.0,239.0,166.0,7800,248.0,8039.0,-82.0,-4095.0,False,50.0861163159917
2023-02-28,115.0,216.0,169.0,7896,200.0,8112.0,-31.0,-4126.0,False,45.353111931870394
2023-03-01,84.0,158.0,193.0,7930,307.0,8088.0,-114.0,-4240.0,False,37.76178466323305
2023-03-02,130.0,227.0,192.0,7870,335.0,8097.0,-143.0,-4383.0,False,27.096828139804423
2023-03-07,88.0,214.0,160.0,7859,259.0,8073.0,-99.0,-4482.0,False,28.8905982400273
2023-03-08,113.0,208.0,159.0,7885,291.0,8093.0,-132.0,-4614.0,False,28.48224175232871
2023-03-09,174.0,285.0,150.0,7786,340.0,8071.0,-190.0,-4804.0,False,35.31221291497295
2023-03-13,104.0,230.0,206.0,7567,249.0,7797.0,-43.0,-4847.0,False,30.330716789294357
2023-03-14,147.0,276.0,214.0,7810,181.0,8086.0,33.0,-4814.0,False,32.583226768794226
2023-03-15,108.0,220.0,213.0,7915,286.0,8135.0,-73.0,-4887.0,False,29.25666387256727
2023-03-16,180.0,280.0,146.0,7989,308.0,8269.0,-162.0,-5049.0,False,36.367829844782456
2023-03-19,134.0,294.0,186.0,7885,306.0,8179.0,-120.0,-5169.0,False,31.17920552456171
2023-03-20,202.0,313.0,158.0,7931,279.0,8244.0,-121.0,-5290.0,False,37.248841464885764
2023-03-21,110.0,272.0,193.0,8050,221.0,8322.0,-28.0,-5318.0,True,38.17815381303071
2023-03-22,166.0,277.0,229.0,8097,246.0,8374.0,-17.0,-5335.0,False,35.326369484457125
2023-03-23,136.0,276.0,178.0,8102,331.0,8378.0,-153.0,-5488.0,False,35.70247423732239
2023-03-26,87.0,246.0,173.0,7847,352.0,8093.0,-179.0,-5667.0,False,40.22022708372827
2023-03-27,84.0,171.0,157.0,7994,235.0,8165.0,-78.0,-5745.0,False,42.59387391677467
2023-03-28,167.0,209.0,157.0,8079,223.0,8288.0,-66.0,-5811.0,True,44.71763261473788
2023-03-29,109.0,245.0,159.0,8208,267.0,8453.0,-108.0,-5919.0,False,34.48533159530435
2023-03-30,156.0,256.0,176.0,8158,359.0,8414.0,-183.0,-6102.0,False,36.00793563329381
2023-04-02,125.0,232.0,192.0,7981,304.0,8213.0,-112.0,-6214.0,False,32.17067579259693
2023-04-03,118.0,139.0,168.0,8054,284.0,8193.0,-116.0,-6330.0,False,31.71450021377485
2023-04-04,142.0,235.0,139.0,8068,259.0,8303.0,-120.0,-6450.0,False,28.587376501492695
2023-04-05,148.0,245.0,175.0,8175,260.0,8420.0,-85.0,-6535.0,False,21.177256443557376
2023-04-06,119.0,219.0,210.0,8178,284.0,8397.0,-74.0,-6609.0,False,17.644640357154774
2023-04-09,105.0,210.0,149.0,7900,329.0,8110.0,-180.0,-6789.0,False,18.518973539383396
2023-04-10,143.0,203.0,163.0,7826,265.0,8029.0,-102.0,-6891.0,False,16.00892608158697
2023-04-11,119.0,209.0,152.0,7922,187.0,8131.0,-35.0,-6926.0,False,16.388149028228593
2023-04-12,155.0,212.0,181.0,7876,283.0,8088.0,-102.0,-7028.0,False,18.55622087962242
2023-04-13,109.0,214.0,173.0,7795,370.0,8009.0,-197.0,-7225.0,False,20.02260627153127
2023-04-16,191.0,283.0,192.0,7380,272.0,7663.0,-80.0,-7305.0,False,30.783421635988574
2023-04-17,170.0,297.0,196.0,7344,248.0,7641.0,-52.0,-7357.0,False,32.5100716994713
2023-04-18,152.0,272.0,214.0,7376,234.0,7648.0,-20.0,-7377.0,False,28.236248233179236
2023-04-19,239.0,367.0,224.0,7356,229.0,7723.0,-5.0,-7382.0,False,44.047052763412694
2023-04-20,113.0,280.0,237.0,7490,320.0,7770.0,-83.0,-7465.0,False,45.0729567320742
2023-04-23,196.0,306.0,187.0,7534,266.0,7840.0,-79.0,-7544.0,False,46.7526418912293
2023-04-24,236.0,330.0,222.0,7796,213.0,8126.0,9.0,-7535.0,False,45.0396650583842
2023-04-25,81.0,230.0,242.0,8017,202.0,8247.0,40.0,-7495.0,False,59.561892579224285
2023-04-26,118.0,245.0,160.0,8117,256.0,8362.0,-96.0,-7591.0,True,62.66160060576329
2023-04-27,218.0,283.0,208.0,8159,310.0,8442.0,-102.0,-7693.0,True,65.7694385533209
2023-04-30,132.0,243.0,183.0,8352,293.0,8595.0,-110.0,-7803.0,True,59.634202394583085
2023-05-01,224.0,315.0,152.0,8492,237.0,8807.0,-85.0,-7888.0,True,60.94923727012119
2023-05-02,167.0,326.0,213.0,8654,245.0,8980.0,-32.0,-7920.0,True,60.03610025087688
2023-05-03,209.0,353.0,232.0,8704,267.0,9057.0,-35.0,-7955.0,True,55.64598988674921
2023-05-04,153.0,253.0,286.0,8790,332.0,9043.0,-46.0,-8001.0,True,42.91408915052322
2023-05-07,180.0,337.0,219.0,8485,375.0,8822.0,-156.0,-8157.0,False,34.99387701543566
2023-05-08,133.0,287.0,189.0,8590,261.0,8877.0,-72.0,-8229.0,False,35.681127464569606
2023-05-09,187.0,310.0,247.0,8606,250.0,8916.0,-3.0,-8232.0,False,31.427164470672086
2023-05-10,168.0,285.0,210.0,8681,304.0,8966.0,-94.0,-8326.0,False,24.406283343980768
2023-05-11,269.0,412.0,204.0,8672,392.0,9084.0,-188.0,-8514.0,True,44.1129502635268
2023-05-14,100.0,255.0,236.0,8445,288.0,8700.0,-52.0,-8566.0,True,52.83937925449169
2023-05-15,205.0,294.0,177.0,8571,277.0,8865.0,-100.0,-8666.0,True,53.69933935924217
2023-05-16,161.0,304.0,211.0,8572,272.0,8876.0,-61.0,-8727.0,True,54.026889248824695
2023-05-17,57.0,162.0,193.0,8569,307.0,8731.0,-114.0,-8841.0,True,69.28787429131833
2023-05-18,80.0,122.0,152.0,8474,351.0,8596.0,-199.0,-9040.0,True,74.90629066341751
2023-05-21,107.0,170.0,133.0,7826,343.0,7996.0,-210.0,-9250.0,False,75.81211110684228
2023-05-22,99.0,156.0,139.0,7848,240.0,8004.0,-101.0,-9351.0,False,50.57620370245664
2023-05-23,25.0,66.0,94.0,7788,246.0,7854.0,-152.0,-9503.0,False,61.24385294712876
2023-05-24,35.0,70.0,53.0,7709,276.0,7779.0,-223.0,-9726.0,False,46.95337099313591
2023-05-25,43.0,73.0,64.0,7546,408.0,7619.0,-344.0,-10070.0,False,32.09732224404561
2023-05-29,41.0,60.0,71.0,6996,207.0,7056.0,-136.0,-10206.0,False,33.20570805778816
2023-05-30,65.0,83.0,65.0,7046,168.0,7129.0,-103.0,-10309.0,False,32.27854956321259
2023-05-31,38.0,80.0,82.0,7053,210.0,7133.0,-128.0,-10437.0,False,24.992379791029467
2023-06-01,56.0,82.0,68.0,7002,287.0,7084.0,-219.0,-10656.0,False,13.350584078537763
2023-06-04,74.0,103.0,80.0,6555,292.0,6658.0,-212.0,-10868.0,False,14.918827989203407
2023-06-05,68.0,107.0,102.0,6523,189.0,6630.0,-87.0,-10955.0,False,14.49137674618979
2023-06-06,92.0,124.0,93.0,6508,187.0,6632.0,-94.0,-11049.0,False,18.894443627691444
2023-06-07,113.0,162.0,107.0,6483,208.0,6645.0,-101.0,-11150.0,False,24.363321378076467
2023-06-08,106.0,196.0,131.0,6446,255.0,6642.0,-124.0,-11274.0,False,27.09507071669801
2023-06-11,86.0,152.0,168.0,6007,238.0,6159.0,-70.0,-11344.0,False,20.518284528683395
2023-06-12,84.0,118.0,136.0,6021,177.0,6139.0,-41.0,-11385.0,False,16.196707484342046
2023-06-13,59.0,64.0,117.0,6061,146.0,6125.0,-29.0,-11414.0,False,19.221763459063762
2023-06-14,62.0,97.0,52.0,6065,167.0,6162.0,-115.0,-11529.0,False,20.305992547357587
2023-06-15,91.0,75.0,97.0,6038,272.0,6113.0,-175.0,-11704.0,False,20.260212004719964
2023-06-19,29.0,51.0,11.0,5679,142.0,5730.0,-131.0,-11835.0,False,25.66079091680924
2023-06-20,33.0,53.0,34.0,5904,134.0,5957.0,-100.0,-11935.0,False,25.251119730005186
2023-06-21,93.0,196.0,169.0,5922,149.0,6118.0,20.0,-11915.0,False,26.406168110608625
2023-06-22,124.0,234.0,161.0,5956,207.0,6190.0,-46.0,-11961.0,False,34.45010194193238
2023-06-25,92.0,203.0,173.0,5766,263.0,5969.0,-90.0,-12051.0,False,34.925771627976
2023-06-26,186.0,259.0,172.0,5819,174.0,6078.0,-2.0,-12053.0,False,53.711752726497295
2023-06-27,154.0,225.0,220.0,5917,155.0,6142.0,65.0,-11988.0,False,58.471808428954795
2023-06-28,91.0,199.0,172.0,5999,174.0,6198.0,-2.0,-11990.0,False,49.68184491628428
2023-06-29,81.0,213.0,153.0,6058,213.0,6271.0,-60.0,-12050.0,False,39.478746542556735
2023-07-02,209.0,285.0,184.0,5903,309.0,6188.0,-125.0,-12175.0,False,50.4163616677119
2023-07-04,184.0,314.0,217.0,6127,124.0,6441.0,93.0,-12082.0,False,53.469172248618044
2023-07-05,107.0,215.0,230.0,6193,167.0,6408.0,63.0,-12019.0,False,51.37073467405723
2023-07-06,101.0,162.0,178.0,6239,205.0,6401.0,-27.0,-12046.0,False,49.97284977150812
2023-07-09,99.0,190.0,176.0,6214,196.0,6404.0,-20.0,-12066.0,False,50.33837880735122
2023-07-10,167.0,239.0,166.0,6346,163.0,6585.0,3.0,-12063.0,False,50.086116315991724
2023-07-11,115.0,216.0,169.0,6498,143.0,6714.0,26.0,-12037.0,False,45.353111931870416
2023-07-12,84.0,158.0,193.0,6521,210.0,6679.0,-17.0,-12054.0,False,37.7617846632331
2023-07-13,130.0,227.0,192.0,6604,226.0,6831.0,-34.0,-12088.0,False,27.096828139804515
2023-07-16,88.0,214.0,160.0,6468,218.0,6682.0,-58.0,-12146.0,False,28.890598240027384
2023-07-17,113.0,208.0,159.0,6632,160.0,6840.0,-1.0,-12147.0,False,28.4822417523288
2023-07-18,174.0,285.0,150.0,6874,181.0,7159.0,-31.0,-12178.0,False,35.31221291497301
2023-07-19,104.0,230.0,206.0,7001,226.0,7231.0,-20.0,-12198.0,False,30.33071678929444
2023-07-20,147.0,276.0,214.0,7116,281.0,7392.0,-67.0,-12265.0,False,32.58322676879429
2023-07-23,108.0,220.0,213.0,7052,276.0,7272.0,-63.0,-12328.0,False,29.256663872567334
2023-07-24,180.0,280.0,146.0,7220,187.0,7500.0,-41.0,-12369.0,False,36.3678298447825
2023-07-25,134.0,294.0,186.0,7510,136.0,7804.0,50.0,-12319.0,False,31.179205524561745
2023-07-26,202.0,313.0,158.0,7647,215.0,7960.0,-57.0,-12376.0,False,37.24884146488577
2023-07-27,110.0,272.0,193.0,7754,259.0,8026.0,-66.0,-12442.0,False,38.178153813030725
2023-07-30,166.0,277.0,229.0,7671,305.0,7948.0,-76.0,-12518.0,False,35.326369484457125
2023-07-31,136.0,276.0,178.0,7800,220.0,8076.0,-42.0,-12560.0,False,35.7024742373224
2023-08-01,87.0,246.0,173.0,8103,168.0,8349.0,5.0,-12555.0,True,40.22022708372829
2023-08-02,84.0,171.0,157.0,8261,271.0,8432.0,-114.0,-12669.0,True,42.59387391677472
2023-08-03,167.0,209.0,157.0,8294,339.0,8503.0,-182.0,-12851.0,True,44.717632614737916
2023-08-06,109.0,245.0,159.0,8298,322.0,8543.0,-163.0,-13014.0,False,34.48533159530445
2023-08-07,156.0,256.0,176.0,8493,202.0,8749.0,-26.0,-13040.0,False,36.00793563329389
2023-08-08,125.0,232.0,192.0,8725,207.0,8957.0,-15.0,-13055.0,False,32.17067579259704
2023-08-09,118.0,139.0,168.0,8888,251.0,9027.0,-83.0,-13138.0,False,31.71450021377497
2023-08-10,142.0,235.0,139.0,8914,353.0,9149.0,-214.0,-13352.0,False,28.5873765014928
2023-08-16,148.0,245.0,175.0,9634,288.0,9879.0,-113.0,-13465.0,False,21.177256443557475
2023-08-17,119.0,219.0,210.0,9694,407.0,9913.0,-197.0,-13662.0,False,17.644640357154927
2023-08-20,105.0,210.0,149.0,9483,390.0,9693.0,-241.0,-13903.0,False,18.51897353938355
2023-08-21,143.0,203.0,163.0,9668,281.0,9871.0,-118.0,-14021.0,False,16.008926081587166
2023-08-22,119.0,209.0,152.0,9921,230.0,10130.0,-78.0,-14099.0,False,16.38814902822879
2023-08-23,155.0,212.0,181.0,10071,285.0,10283.0,-104.0,-14203.0,False,18.55622087962256
2023-08-24,109.0,214.0,173.0,10026,443.0,10240.0,-270.0,-14473.0,False,20.022606271531423
2023-08-27,191.0,283.0,192.0,9873,488.0,10156.0,-296.0,-14769.0,False,30.783421635988656
2023-08-28,170.0,297.0,196.0,10012,388.0,10309.0,-192.0,-14961.0,False,32.510071699471354
2023-08-29,152.0,272.0,214.0,10180,286.0,10452.0,-72.0,-15033.0,False,28.236248233179275
2023-08-30,239.0,367.0,224.0,10280,366.0,10647.0,-142.0,-15175.0,True,44.047052763412694
2023-08-31,113.0,280.0,237.0,10140,505.0,10420.0,-268.0,-15443.0,True,45.0729567320742
2023-09-04,196.0,306.0,187.0,9988,293.0,10294.0,-106.0,-15549.0,True,46.75264189122929
2023-09-05,236.0,330.0,222.0,10142,243.0,10472.0,-21.0,-15570.0,True,45.039665058384166
2023-09-06,81.0,230.0,242.0,10356,291.0,10586.0,-49.0,-15619.0,True,59.56189257922428
2023-09-07,118.0,245.0,160.0,10419,398.0,10664.0,-238.0,-15857.0,True,62.661600605763304
2023-09-10,218.0,283.0,208.0,10282,382.0,10565.0,-174.0,-16031.0,True,65.7694385533209
2023-09-11,132.0,243.0,183.0,10492,277.0,10735.0,-94.0,-16125.0,True,59.63420239458311
2023-09-12,224.0,315.0,152.0,10649,316.0,10964.0,-164.0,-16289.0,True,60.94923727012118
2023-09-13,167.0,326.0,213.0,10678,343.0,11004.0,-130.0,-16419.0,True,60.03610025087688
2023-09-14,209.0,353.0,232.0,10837,414.0,11190.0,-182.0,-16601.0,True,55.64598988674922
2023-09-17,153.0,253.0,286.0,10799,427.0,11052.0,-141.0,-16742.0,True,42.91408915052319
2023-09-18,180.0,337.0,219.0,10892,313.0,11229.0,-94.0,-16836.0,False,34.993877015435594
2023-09-19,133.0,287.0,189.0,11095,260.0,11382.0,-71.0,-16907.0,False,35.681127464569585
2023-09-20,187.0,310.0,247.0,11064,364.0,11374.0,-117.0,-17024.0,False,31.427164470672025
2023-09-21,168.0,285.0,210.0,11067,428.0,11352.0,-218.0,-17242.0,False,24.406283343980743
2023-09-24,269.0,412.0,204.0,10744,403.0,11156.0,-199.0,-17441.0,True,44.11295026352673
2023-09-25,100.0,255.0,236.0,10842,284.0,11097.0,-48.0,-17489.0,True,52.839379254491675
2023-09-26,205.0,294.0,177.0,10978,332.0,11272.0,-155.0,-17644.0,True,53.69933935924213
2023-09-27,161.0,304.0,211.0,11017,331.0,11321.0,-120.0,-17764.0,True,54.02688924882465
2023-09-28,57.0,162.0,193.0,10984,447.0,11146.0,-254.0,-18018.0,True,69.28787429131832
2023-10-01,80.0,122.0,152.0,10598,493.0,10720.0,-341.0,-18359.0,True,74.90629066341751
2023-10-02,107.0,170.0,133.0,10724,284.0,10894.0,-151.0,-18510.0,True,75.81211110684227
2023-10-03,99.0,156.0,139.0,10818,287.0,10974.0,-148.0,-18658.0,True,50.576203702456645
2023-10-04,25.0,66.0,94.0,10963,330.0,11029.0,-236.0,-18894.0,True,61.24385294712877
2023-10-05,35.0,70.0,53.0,11130,427.0,11200.0,-374.0,-19268.0,True,46.953370993135934
2023-10-09,43.0,73.0,64.0,10815,282.0,10888.0,-218.0,-19486.0,False,32.09732224404565
2023-10-10,41.0,60.0,71.0,10910,257.0,10970.0,-186.0,-19672.0,False,33.2057080577882
2023-10-11,65.0,83.0,65.0,10960,266.0,11043.0,-201.0,-19873.0,False,32.278549563212636
2023-10-12,38.0,80.0,82.0,10992,398.0,11072.0,-316.0,-20189.0,False,24.992379791029528
2023-10-15,56.0,82.0,68.0,10571,434.0,10653.0,-366.0,-20555.0,False,13.35058407853788
2023-10-16,74.0,103.0,80.0,10629,331.0,10732.0,-251.0,-20806.0,False,14.918827989203509
2023-10-17,68.0,107.0,102.0,10630,315.0,10737.0,-213.0,-21019.0,False,14.491376746189893
2023-10-18,92.0,124.0,93.0,10511,393.0,10635.0,-300.0,-21319.0,False,18.89444362769152
2023-10-19,113.0,162.0,107.0,10319,406.0,10481.0,-299.0,-21618.0,False,24.363321378076524
2023-10-22,106.0,196.0,131.0,9506,454.0,9702.0,-323.0,-21941.0,False,27.09507071669806
2023-10-23,86.0,152.0,168.0,9436,327.0,9588.0,-159.0,-22100.0,False,20.518284528683466
2023-10-24,84.0,118.0,136.0,9396,300.0,9514.0,-164.0,-22264.0,False,16.196707484342134
2023-10-25,59.0,64.0,117.0,9351,293.0,9415.0,-176.0,-22440.0,False,19.221763459063837
2023-10-26,62.0,97.0,52.0,9235,390.0,9332.0,-338.0,-22778.0,False,20.305992547357658
2023-10-29,91.0,75.0,97.0,8925,418.0,9000.0,-321.0,-23099.0,False,20.26021200472004
2023-10-30,29.0,51.0,11.0,9026,278.0,9077.0,-267.0,-23366.0,False,25.660790916809294
2023-10-31,33.0,53.0,34.0,9072,295.0,9125.0,-261.0,-23627.0,False,25.251119730005243
2023-11-01,132.0,235.0,197.0,9250,279.0,9485.0,-82.0,-23709.0,False,35.860842154082384
2023-11-02,174.0,208.0,256.0,9442,330.0,9650.0,-74.0,-23783.0,True,53.50834380863295
2023-11-05,123.0,230.0,167.0,9273,370.0,9503.0,-203.0,-23986.0,True,54.2156189057484
2023-11-06,123.0,233.0,159.0,9286,316.0,9519.0,-157.0,-24143.0,True,53.48742620377962
2023-11-07,141.0,232.0,188.0,9483,231.0,9715.0,-43.0,-24186.0,True,55.282391926750655
2023-11-08,158.0,226.0,191.0,9634,310.0,9860.0,-119.0,-24305.0,True,45.19481639050475
2023-11-12,96.0,160.0,233.0,9477,313.0,9637.0,-80.0,-24385.0,False,25.506301742342735
2023-11-13,141.0,173.0,129.0,9510,287.0,9683.0,-158.0,-24543.0,False,25.539884774323504
2023-11-14,116.0,181.0,182.0,9665,247.0,9846.0,-65.0,-24608.0,False,20.229634085620614
2023-11-15,150.0,157.0,201.0,9762,316.0,9919.0,-115.0,-24723.0,False,21.582620874433477
2023-11-16,80.0,176.0,125.0,9762,374.0,9938.0,-249.0,-24972.0,False,29.34280150224256
2023-11-19,116.0,188.0,164.0,9573,435.0,9761.0,-271.0,-25243.0,False,28.727786449459042
2023-11-20,105.0,185.0,158.0,9638,298.0,9823.0,-140.0,-25383.0,False,24.456959278349906
2023-11-21,136.0,246.0,123.0,9804,250.0,10050.0,-127.0,-25510.0,False,23.98511443136602
2023-11-23,128.0,228.0,177.0,9838,283.0,10066.0,-106.0,-25616.0,False,22.603202470109636
2023-11-26,90.0,196.0,205.0,9845,312.0,10041.0,-107.0,-25723.0,False,25.11971337416111
2023-11-27,56.0,82.0,68.0,10123,214.0,10205.0,-146.0,-25869.0,False,28.224440607726077
2023-11-28,74.0,103.0,80.0,10223,223.0,10326.0,-143.0,-26012.0,False,29.067245516298428
2023-11-29,68.0,107.0,102.0,10398,284.0,10505.0,-182.0,-26194.0,False,30.48731195884937
2023-11-30,92.0,124.0,93.0,10536,320.0,10660.0,-227.0,-26421.0,False,30.088757590391513
2023-12-03,132.0,235.0,197.0,10579,417.0,10814.0,-220.0,-26641.0,False,29.136787416467012
2023-12-04,174.0,208.0,256.0,10635,273.0,10843.0,-17.0,-26658.0,True,41.37632173115451
2023-12-05,123.0,230.0,167.0,10761,261.0,10991.0,-94.0,-26752.0,True,42.184966855165804
2023-12-06,123.0,233.0,159.0,10832,376.0,11065.0,-217.0,-26969.0,False,37.11564937558599
2023-12-07,141.0,232.0,188.0,10897,466.0,11129.0,-278.0,-27247.0,False,34.11465262624743
2023-12-10,158.0,226.0,191.0,10871,411.0,11097.0,-220.0,-27467.0,False,26.556319308934746
2023-12-11,96.0,160.0,233.0,10998,304.0,11158.0,-71.0,-27538.0,False,25.506301742342686
2023-12-12,141.0,173.0,129.0,11077,259.0,11250.0,-130.0,-27668.0,False,25.539884774323458
2023-12-13,116.0,181.0,182.0,11192,335.0,11373.0,-153.0,-27821.0,False,20.229634085620567
2023-12-14,150.0,157.0,201.0,11242,396.0,11399.0,-195.0,-28016.0,False,21.582620874433427
2023-12-17,80.0,176.0,125.0,11092,456.0,11268.0,-331.0,-28347.0,False,29.342801502242533
2023-12-18,116.0,188.0,164.0,11149,364.0,11337.0,-200.0,-28547.0,False,28.727786449459025
2023-12-19,105.0,185.0,158.0,11291,272.0,11476.0,-114.0,-28661.0,False,24.45695927834991
2023-12-20,136.0,246.0,123.0,11516,390.0,11762.0,-267.0,-28928.0,False,23.985114431366007
2023-12-21,128.0,228.0,177.0,11375,497.0,11603.0,-320.0,-29248.0,False,22.603202470109625
2023-12-25,90.0,196.0,205.0,11144,347.0,11340.0,-142.0,-29390.0,False,25.11971337416111
2023-12-26,56.0,82.0,68.0,11217,288.0,11299.0,-220.0,-29610.0,False,28.224440607726105
2023-12-27,74.0,103.0,80.0,11206,335.0,11309.0,-255.0,-29865.0,False,29.067245516298456
2023-12-28,68.0,107.0,102.0,11230,357.0,11337.0,-255.0,-30120.0,False,30.48731195884941
2024-01-01,92.0,124.0,93.0,10870,290.0,10994.0,-197.0,-30317.0,False,30.088757590391555
2024-01-02,113.0,162.0,107.0,10770,316.0,10932.0,-209.0,-30526.0,False,25.368709635522283
2024-01-03,106.0,196.0,131.0,10718,263.0,10914.0,-132.0,-30658.0,False,20.606286604312302
2024-01-04,86.0,152.0,168.0,10558,362.0,10710.0,-194.0,-30852.0,False,20.51828452868351
2024-01-07,84.0,118.0,136.0,9670,367.0,9788.0,-231.0,-31083.0,False,16.196707484342173
2024-01-08,59.0,64.0,117.0,9670,367.0,9734.0,-250.0,-31333.0,False,19.221763459063876
2024-01-09,62.0,97.0,52.0,9311,286.0,9408.0,-234.0,-31567.0,False,20.305992547357697
2024-01-10,91.0,75.0,97.0,9144,349.0,9219.0,-252.0,-31819.0,False,20.260212004720078
2024-01-11,29.0,51.0,11.0,8829,476.0,8880.0,-465.0,-32284.0,False,25.660790916809347
2024-01-15,33.0,53.0,34.0,8033,234.0,8086.0,-200.0,-32484.0,False,25.251119730005314
2024-01-16,32.0,49.0,39.0,8133,188.0,8182.0,-149.0,-32633.0,False,25.453973401117143
2024-01-17,80.0,176.0,125.0,8072,353.0,8248.0,-228.0,-32861.0,False,24.74825631183352
2024-01-18,116.0,188.0,164.0,8042,359.0,8230.0,-195.0,-33056.0,False,33.91024567744648
2024-01-21,105.0,185.0,158.0,7974,371.0,8159.0,-213.0,-33269.0,False,37.35798505833877
2024-01-22,136.0,246.0,123.0,8008,222.0,8254.0,-99.0,-33368.0,True,44.81602604511253
2024-01-23,128.0,228.0,177.0,8133,202.0,8361.0,-25.0,-33393.0,True,43.15476026272589
2024-01-24,90.0,196.0,205.0,8212,243.0,8408.0,-38.0,-33431.0,False,35.26295776698547
2024-01-25,102.0,189.0,155.0,8180,293.0,8369.0,-138.0,-33569.0,False,20.00357110975104
2024-01-28,120.0,257.0,126.0,8004,307.0,8261.0,-181.0,-33750.0,False,15.920935603041638
2024-01-29,137.0,272.0,166.0,8057,195.0,8329.0,-29.0,-33779.0,False,18.206487593058643
2024-01-30,93.0,198.0,208.0,8182,187.0,8380.0,21.0,-33758.0,False,19.986900471964095
2024-01-31,203.0,477.0,258.0,8153,266.0,8630.0,-8.0,-33766.0,True,38.81457752663856
2024-02-01,222.0,459.0,289.0,8026,337.0,8485.0,-48.0,-33814.0,True,53.58926687135707
2024-02-04,253.0,531.0,248.0,7813,342.0,8344.0,-94.0,-33908.0,True,63.65232947519711
2024-02-05,157.0,466.0,345.0,7872,242.0,8338.0,103.0,-33805.0,True,58.260090072347914
2024-02-06,291.0,455.0,323.0,8045,178.0,8500.0,145.0,-33660.0,True,69.00897112142803
2024-02-07,227.0,453.0,330.0,8160,222.0,8613.0,108.0,-33552.0,True,64.94576491929531
2024-02-08,298.0,499.0,358.0,8188,315.0,8687.0,43.0,-33509.0,True,49.606547186933966
2024-02-11,205.0,515.0,226.0,8056,347.0,8571.0,-121.0,-33630.0,True,49.39105374940053
2024-02-12,213.0,430.0,440.0,8092,234.0,8522.0,206.0,-33424.0,True,49.934719289049504
2024-02-13,227.0,369.0,349.0,8348,160.0,8717.0,189.0,-33235.0,True,49.3235189722865
2024-02-14,185.0,322.0,272.0,8512,230.0,8834.0,42.0,-33193.0,True,43.04427399561416
2024-02-15,333.0,508.0,272.0,8463,312.0,8971.0,-40.0,-33233.0,True,53.729037994454224
2024-02-19,249.0,420.0,371.0,8380,218.0,8800.0,153.0,-33080.0,True,53.40634882893678
2024-02-20,149.0,395.0,273.0,8488,192.0,8883.0,81.0,-32999.0,True,57.93099343184082
2024-02-21,232.0,430.0,318.0,8573,231.0,9003.0,87.0,-32912.0,True,57.42945983676706
2024-02-22,165.0,400.0,292.0,8607,293.0,9007.0,-1.0,-32913.0,True,62.04030947698427
2024-02-25,244.0,482.0,366.0,8404,329.0,8886.0,37.0,-32876.0,True,62.68933227393928
2024-02-26,199.0,438.0,326.0,8404,329.0,8842.0,-3.0,-32879.0,True,61.508419864972126
2024-02-27,197.0,369.0,306.0,8650,206.0,9019.0,100.0,-32779.0,True,38.777141032658044
2024-02-28,209.0,447.0,274.0,8699,257.0,9146.0,17.0,-32762.0,False,33.84629120851226
2024-02-29,262.0,444.0,354.0,8724,299.0,9168.0,55.0,-32707.0,False,32.796631650506924
2024-03-03,236.0,468.0,347.0,8594,354.0,9062.0,-7.0,-32714.0,False,33.166247903553774
2024-03-04,225.0,509.0,340.0,8660,229.0,9169.0,111.0,-32603.0,False,24.377976008801447
2024-03-05,246.0,472.0,345.0,8800,214.0,9272.0,131.0,-32472.0,False,24.653793294531948
2024-03-06,230.0,457.0,277.0,8870,232.0,9327.0,45.0,-32427.0,False,21.86103295603267
2024-03-07,181.0,424.0,328.0,8902,305.0,9326.0,23.0,-32404.0,False,26.204325342711105
2024-03-10,190.0,368.0,326.0,8714,373.0,9082.0,-47.0,-32451.0,False,29.193117257978468
2024-03-11,178.0,336.0,290.0,8757,253.0,9093.0,37.0,-32414.0,False,28.359091932536924
2024-03-12,154.0,294.0,290.0,8843,213.0,9137.0,77.0,-32337.0,False,33.41585024534067
2024-03-13,165.0,358.0,167.0,8819,239.0,9177.0,-72.0,-32409.0,False,33.79842205389655
2024-03-14,166.0,301.0,252.0,8695,310.0,8996.0,-58.0,-32467.0,False,24.831815230043826
2024-03-17,127.0,260.0,259.0,8373,342.0,8633.0,-83.0,-32550.0,False,20.860078071350717
2024-03-18,123.0,243.0,188.0,8333,283.0,8576.0,-95.0,-32645.0,False,24.959014022039646
2024-03-19,99.0,202.0,256.0,8390,197.0,8592.0,59.0,-32586.0,False,28.675524655805447
2024-03-20,91.0,181.0,174.0,8365,227.0,8546.0,-53.0,-32639.0,False,30.563750704762178
2024-03-21,132.0,261.0,141.0,8292,235.0,8553.0,-94.0,-32733.0,False,29.034462281915843
2024-03-24,124.0,264.0,221.0,7899,373.0,8163.0,-152.0,-32885.0,False,24.31342956357354
2024-03-25,128.0,242.0,224.0,7899,229.0,8141.0,-5.0,-32890.0,False,15.955294687702386
2024-03-26,187.0,276.0,200.0,7919,208.0,8195.0,-8.0,-32898.0,False,30.89613937972546
2024-03-27,129.0,287.0,185.0,7893,215.0,8180.0,-30.0,-32928.0,False,30.8730117925487
2024-03-28,161.0,288.0,248.0,7762,360.0,8050.0,-112.0,-33040.0,False,30.342489460600603
2024-03-31,105.0,254.0,151.0,7257,287.0,7511.0,-136.0,-33176.0,False,27.178422814185858
2024-04-01,109.0,235.0,171.0,7271,172.0,7506.0,-1.0,-33177.0,False,29.329815806412554
2024-04-02,101.0,230.0,175.0,7340,132.0,7570.0,43.0,-33134.0,False,31.90536602128824
2024-04-03,124.0,230.0,190.0,7346,163.0,7576.0,27.0,-33107.0,False,32.01264631063039
2024-04-04,95.0,226.0,152.0,7317,225.0,7543.0,-73.0,-33180.0,False,22.63267759762621
2024-04-07,106.0,239.0,233.0,6982,279.0,7221.0,-46.0,-33226.0,False,22.38941076236065
2024-04-08,102.0,230.0,167.0,6988,199.0,7218.0,-32.0,-33258.0,False,9.092121131323816
2024-04-09,118.0,231.0,217.0,7043,130.0,7274.0,87.0,-33171.0,False,10.123052428797774
2024-04-10,117.0,244.0,142.0,6999,227.0,7243.0,-85.0,-33256.0,False,10.70825226947257
2024-04-11,183.0,221.0,220.0,6912,285.0,7133.0,-65.0,-33321.0,False,29.26724156068392
2024-04-14,128.0,245.0,243.0,6630,290.0,6875.0,-47.0,-33368.0,False,29.380913791747368
2024-04-15,144.0,303.0,176.0,6681,191.0,6984.0,-15.0,-33383.0,False,27.873011353363957
2024-04-16,219.0,392.0,205.0,6685,163.0,7077.0,42.0,-33341.0,False,41.97164575780939
2024-04-17,182.0,371.0,274.0,6725,227.0,7096.0,47.0,-33294.0,False,39.29982430591999
2024-04-18,144.0,322.0,258.0,6728,260.0,7050.0,-2.0,-33296.0,False,36.234684777880574
2024-04-21,208.0,380.0,343.0,6745,240.0,7125.0,103.0,-33193.0,False,34.70762232736542
2024-04-22,176.0,424.0,251.0,6799,214.0,7223.0,37.0,-33156.0,False,34.457012556019734
2024-04-23,252.0,427.0,307.0,6967,134.0,7394.0,173.0,-32983.0,False,39.78573565870997
2024-04-24,253.0,411.0,307.0,7128,154.0,7539.0,153.0,-32830.0,False,40.43277783939047
2024-04-25,145.0,357.0,333.0,7209,217.0,7566.0,116.0,-32714.0,False,45.47788578241164
2024-04-28,158.0,349.0,365.0,7298,250.0,7647.0,115.0,-32599.0,False,47.42161452132886
2024-04-29,140.0,292.0,255.0,7373,187.0,7665.0,68.0,-32531.0,False,48.09959904792776
2024-04-30,220.0,443.0,194.0,7431,135.0,7874.0,59.0,-32472.0,False,49.04079934095675
2024-05-01,197.0,437.0,295.0,7508,190.0,7945.0,105.0,-32367.0,False,48.538644398046216
2024-05-02,206.0,411.0,293.0,7577,194.0,7988.0,99.0,-32268.0,False,42.240806269361144
2024-05-05,150.0,315.0,228.0,7447,332.0,7762.0,-104.0,-32372.0,False,32.907518318839415
2024-05-06,173.0,337.0,211.0,7449,205.0,7786.0,6.0,-32366.0,False,30.44511064037624
2024-05-07,176.0,334.0,246.0,7566,163.0,7900.0,83.0,-32283.0,False,29.238754452006834
2024-05-08,167.0,374.0,205.0,7583,202.0,7957.0,3.0,-32280.0,False,24.42286204514485
2024-05-09,138.0,285.0,268.0,7570,244.0,7855.0,24.0,-32256.0,False,24.01983307503137
2024-05-12,138.0,301.0,263.0,7464,245.0,7765.0,18.0,-32238.0,False,24.310491562286288
2024-05-13,112.0,331.0,167.0,7499,157.0,7830.0,10.0,-32228.0,False,23.179424373476397
2024-05-14,246.0,419.0,218.0,7546,186.0,7965.0,32.0,-32196.0,False,42.84356927908109
2024-05-15,115.0,285.0,341.0,7589,265.0,7874.0,76.0,-32120.0,False,46.34292466673485
2024-05-16,206.0,340.0,214.0,7565,234.0,7905.0,-20.0,-32140.0,False,49.761813624888
2024-05-19,143.0,295.0,278.0,7356,298.0,7651.0,-20.0,-32160.0,False,50.04807212879951
2024-05-20,111.0,268.0,217.0,7368,192.0,7636.0,25.0,-32135.0,False,52.71305973538875
2024-05-21,196.0,348.0,176.0,7404,145.0,7752.0,31.0,-32104.0,False,54.49071567926126
2024-05-22,168.0,349.0,272.0,7474,208.0,7823.0,64.0,-32040.0,False,49.97237332004641
2024-05-23,193.0,272.0,314.0,7494,227.0,7766.0,87.0,-31953.0,False,39.28406922962652
2024-05-27,156.0,344.0,252.0,7365,167.0,7709.0,85.0,-31868.0,False,33.83714498819858
2024-05-28,153.0,348.0,239.0,7418,151.0,7766.0,88.0,-31780.0,False,29.45052348148209
2024-05-29,182.0,462.0,158.0,7491,141.0,7953.0,17.0,-31763.0,False,29.387396067345605
2024-05-30,167.0,406.0,339.0,7563,190.0,7969.0,149.0,-31614.0,False,17.115851744870007
2024-06-02,159.0,330.0,322.0,7546,306.0,7876.0,16.0,-31598.0,False,14.556948921554714
2024-06-03,109.0,244.0,257.0,7596,224.0,7840.0,33.0,-31565.0,False,26.735921974181444
2024-06-04,260.0,356.0,176.0,7565,203.0,7921.0,-27.0,-31592.0,False,45.78521283433882
2024-06-05,173.0,345.0,291.0,7691,198.0,8036.0,93.0,-31499.0,False,45.403482140428174
2024-06-06,179.0,326.0,282.0,7741,238.0,8067.0,44.0,-31455.0,False,44.66115815357944
2024-06-09,116.0,289.0,166.0,7451,312.0,7740.0,-146.0,-31601.0,False,49.7541575195097
2024-06-10,184.0,334.0,229.0,7439,212.0,7773.0,17.0,-31584.0,False,50.21572510298979
2024-06-11,186.0,352.0,224.0,7493,156.0,7845.0,68.0,-31516.0,False,50.39463312317133
2024-06-12,152.0,266.0,274.0,7548,212.0,7814.0,62.0,-31454.0,False,43.5272219147861
2024-06-13,167.0,293.0,230.0,7544,259.0,7837.0,-29.0,-31483.0,False,24.615132782594426
2024-06-16,204.0,315.0,233.0,7307,294.0,7622.0,-61.0,-31544.0,False,28.68631663188484
2024-06-17,159.0,310.0,272.0,7318,224.0,7628.0,48.0,-31496.0,False,28.60319662455316
2024-06-18,160.0,297.0,253.0,7340,214.0,7637.0,39.0,-31457.0,False,18.6764430181315
2024-06-19,204.0,321.0,246.0,7433,198.0,7754.0,48.0,-31409.0,False,21.870832936432056
2024-06-20,145.0,247.0,243.0,7431,235.0,7678.0,8.0,-31401.0,False,24.120728094514774
2024-06-23,102.0,227.0,201.0,7247,294.0,7474.0,-93.0,-31494.0,False,35.232560697930076
2024-06-24,116.0,175.0,172.0,7239,202.0,7414.0,-30.0,-31524.0,False,39.30527651479835
2024-06-25,172.0,263.0,191.0,7239,202.0,7502.0,-11.0,-31535.0,False,34.29493923515329
2024-06-26,132.0,235.0,197.0,7268,187.0,7503.0,10.0,-31525.0,False,34.778893435119954
2024-06-27,174.0,208.0,256.0,7248,268.0,7456.0,-12.0,-31537.0,False,36.01256394516728
2024-06-30,123.0,230.0,167.0,6874,273.0,7104.0,-106.0,-31643.0,False,27.511902186231467
2024-07-01,123.0,233.0,159.0,6825,229.0,7058.0,-70.0,-31713.0,False,27.796025752237583
2024-07-02,141.0,232.0,188.0,6823,184.0,7055.0,4.0,-31709.0,False,23.80076029197797
2024-07-04,158.0,226.0,191.0,6790,225.0,7016.0,-34.0,-31743.0,False,21.919767117289194
2024-07-07,96.0,160.0,233.0,6599,213.0,6759.0,20.0,-31723.0,False,25.50630174234273
2024-07-08,141.0,173.0,129.0,6617,123.0,6790.0,6.0,-31717.0,False,25.539884774323493
2024-07-09,116.0,181.0,182.0,6651,130.0,6832.0,52.0,-31665.0,False,20.229634085620663
2024-07-10,150.0,157.0,201.0,6649,177.0,6806.0,24.0,-31641.0,False,21.58262087443349
2024-07-11,80.0,176.0,125.0,6640,197.0,6816.0,-72.0,-31713.0,False,29.342801502242605
2024-07-14,116.0,188.0,164.0,6308,237.0,6496.0,-73.0,-31786.0,False,28.727786449459114
2024-07-15,105.0,185.0,158.0,6283,171.0,6468.0,-13.0,-31799.0,False,24.456959278350055
2024-07-16,136.0,246.0,123.0,6239,173.0,6485.0,-50.0,-31849.0,False,23.98511443136612
2024-07-17,128.0,228.0,177.0,6228,187.0,6456.0,-10.0,-31859.0,False,22.603202470109757
2024-07-21,90.0,196.0,205.0,6058,262.0,6254.0,-57.0,-31916.0,False,25.11971337416125
2024-07-22,102.0,189.0,155.0,6002,234.0,6191.0,-79.0,-31995.0,False,20.00357110975127
2024-07-23,120.0,257.0,126.0,5965,170.0,6222.0,-44.0,-32039.0,False,15.920935603041883
2024-07-24,137.0,272.0,166.0,5927,177.0,6199.0,-11.0,-32050.0,False,18.20648759305884
2024-07-25,93.0,198.0,208.0,5954,194.0,6152.0,14.0,-32036.0,False,19.986900471964283
2024-07-28,152.0,290.0,199.0,5743,207.0,6033.0,-8.0,-32044.0,False,23.39413846000166
2024-07-29,114.0,210.0,219.0,5819,163.0,6029.0,56.0,-31988.0,False,22.93365171429087
2024-07-30,125.0,203.0,208.0,5930,92.0,6133.0,116.0,-31872.0,False,20.106857394573815
2024-07-31,140.0,261.0,163.0,5963,154.0,6224.0,9.0,-31863.0,False,19.420166249104774
2024-08-01,227.0,298.0,212.0,6016,169.0,6314.0,43.0,-31820.0,False,42.47127881062128
2024-08-04,63.0,167.0,143.0,5943,170.0,6110.0,-27.0,-31847.0,False,51.84868093101042
2024-08-05,172.0,259.0,138.0,5950,150.0,6209.0,-12.0,-31859.0,False,50.89672082242818
2024-08-06,163.0,283.0,200.0,5998,143.0,6281.0,57.0,-31802.0,False,51.429100526378875
2024-08-07,135.0,273.0,207.0,6038,174.0,6311.0,33.0,-31769.0,False,50.01951999922013
2024-08-08,119.0,230.0,213.0,6084,174.0,6314.0,39.0,-31730.0,False,50.49705319077919
2024-08-11,95.0,211.0,140.0,5894,249.0,6105.0,-109.0,-31839.0,False,54.06301437960641
2024-08-12,109.0,219.0,155.0,5903,148.0,6122.0,7.0,-31832.0,False,38.16068782448908
2024-08-13,162.0,239.0,189.0,5981,123.0,6220.0,66.0,-31766.0,False,29.999206338708156
2024-08-14,109.0,226.0,191.0,5987,178.0,6213.0,13.0,-31753.0,False,26.831928386763263
2024-08-15,124.0,241.0,156.0,5895,220.0,6136.0,-64.0,-31817.0,False,21.790124456035993
2024-08-18,86.0,244.0,235.0,5821,178.0,6065.0,57.0,-31760.0,False,24.55896693965108
2024-08-19,176.0,254.0,162.0,5865,158.0,6119.0,4.0,-31756.0,False,33.85262175962171
2024-08-20,136.0,274.0,245.0,5995,112.0,6269.0,133.0,-31623.0,False,31.677692316142622
2024-08-21,134.0,245.0,167.0,6028,156.0,6273.0,11.0,-31612.0,False,30.451366377975937
2024-08-22,182.0,307.0,205.0,6054,171.0,6361.0,34.0,-31578.0,False,34.37399349175821
2024-08-27,149.0,285.0,222.0,6152,97.0,6437.0,125.0,-31453.0,False,32.55252166371557
2024-08-28,170.0,285.0,178.0,6227,134.0,6512.0,44.0,-31409.0,False,33.18562511518678
2024-08-29,145.0,295.0,188.0,6250,169.0,6545.0,19.0,-31390.0,False,19.68925256749641
2024-09-02,133.0,270.0,198.0,6192,129.0,6462.0,69.0,-31321.0,False,19.10871155109254
2024-09-03,131.0,263.0,177.0,6272,112.0,6535.0,65.0,-31256.0,False,19.794179038533642
2024-09-04,121.0,231.0,219.0,6375,114.0,6606.0,105.0,-31151.0,False,21.944735782675313
2024-09-05,126.0,230.0,175.0,6448,121.0,6678.0,54.0,-31097.0,False,16.78009024324465
2024-09-08,123.0,255.0,164.0,6312,221.0,6567.0,-57.0,-31154.0,False,17.145039543622772
2024-09-09,144.0,275.0,190.0,6353,141.0,6628.0,49.0,-31105.0,False,9.599107101333258
2024-09-10,131.0,251.0,180.0,6396,148.0,6647.0,32.0,-31073.0,False,7.668736780561335
2024-09-11,93.0,248.0,175.0,6410,162.0,6658.0,13.0,-31060.0,False,15.667679805133996
2024-09-12,184.0,280.0,210.0,6360,220.0,6640.0,-10.0,-31070.0,False,27.71109456345547
2024-09-13,81.0,200.0,212.0,6326,279.0,6526.0,-67.0,-31137.0,False,33.75401210720506
2024-09-15,98.0,220.0,167.0,6234,210.0,6454.0,-43.0,-31180.0,False,35.37419021452431
2024-09-16,113.0,209.0,160.0,6229,164.0,6438.0,-4.0,-31184.0,False,35.52866046286756
2024-09-17,159.0,304.0,139.0,6227,160.0,6531.0,-21.0,-31205.0,False,37.57088538444952
2024-09-18,116.0,213.0,217.0,6245,149.0,6458.0,68.0,-31137.0,False,37.447105552842515
2024-09-19,93.0,196.0,169.0,6270,188.0,6466.0,-19.0,-31156.0,False,37.447105552842515
2024-09-22,124.0,234.0,161.0,5989,197.0,6223.0,-36.0,-31192.0,False,25.455844122716076
2024-09-23,92.0,203.0,173.0,6002,165.0,6205.0,8.0,-31184.0,False,23.486571644645487
2024-09-24,186.0,259.0,172.0,6023,143.0,6282.0,29.0,-31155.0,False,34.65750794767086
2024-09-25,154.0,225.0,220.0,6050,169.0,6275.0,51.0,-31104.0,False,35.5199474474087
2024-09-26,91.0,199.0,172.0,6090,185.0,6289.0,-13.0,-31117.0,False,36.19721115276851
2024-09-29,81.0,213.0,153.0,5925,177.0,6138.0,-24.0,-31141.0,False,39.47874654255685
2024-09-30,209.0,285.0,184.0,5967,138.0,6252.0,46.0,-31095.0,False,50.41636166771192
2024-10-01,184.0,314.0,217.0,6040,137.0,6354.0,80.0,-31015.0,False,53.46917224861804
2024-10-02,107.0,215.0,230.0,6091,173.0,6306.0,57.0,-30958.0,False,51.37073467405722
2024-10-03,101.0,162.0,178.0,6118,193.0,6280.0,-15.0,-30973.0,False,49.97284977150816
2024-10-07,99.0,190.0,176.0,5968,153.0,6158.0,23.0,-30950.0,False,50.33837880735128
2024-10-08,167.0,239.0,166.0,6013,123.0,6252.0,43.0,-30907.0,False,50.08611631599175
2024-10-09,115.0,216.0,169.0,6047,137.0,6263.0,32.0,-30875.0,False,45.35311193187042
2024-10-10,84.0,158.0,193.0,6075,159.0,6233.0,34.0,-30841.0,False,37.76178466323319
2024-10-13,130.0,227.0,192.0,5889,210.0,6116.0,-18.0,-30859.0,False,27.09682813980469
2024-10-14,88.0,214.0,160.0,5935,106.0,6149.0,54.0,-30805.0,False,28.890598240027565
2024-10-15,113.0,208.0,159.0,6013,107.0,6221.0,52.0,-30753.0,False,28.48224175232897
2024-10-16,174.0,285.0,150.0,6036,129.0,6321.0,21.0,-30732.0,False,35.3122129149731
2024-10-17,104.0,230.0,206.0,6076,160.0,6306.0,46.0,-30686.0,False,30.330716789294588
2024-10-20,147.0,276.0,214.0,5918,195.0,6194.0,19.0,-30667.0,False,32.583226768794404
2024-10-21,108.0,220.0,213.0,5966,154.0,6186.0,59.0,-30608.0,False,29.256663872567447
2024-10-22,180.0,280.0,146.0,6043,109.0,6323.0,37.0,-30571.0,False,36.36782984478256
2024-10-23,134.0,294.0,186.0,6077,138.0,6371.0,48.0,-30523.0,False,31.179205524561777
2024-10-27,202.0,313.0,158.0,5974,192.0,6287.0,-34.0,-30557.0,False,37.24884146488574
2024-10-28,110.0,272.0,193.0,6008,156.0,6280.0,37.0,-30520.0,False,38.17815381303073
2024-10-29,166.0,277.0,229.0,6106,126.0,6383.0,103.0,-30417.0,False,35.3263694844571
2024-10-30,136.0,276.0,178.0,6149,160.0,6425.0,18.0,-30399.0,False,35.702474237322384
2024-10-31,87.0,246.0,173.0,6148,177.0,6394.0,-4.0,-30403.0,False,40.220227083728275
2024-11-03,84.0,171.0,157.0,5990,184.0,6161.0,-27.0,-30430.0,False,42.59387391677476
2024-11-04,167.0,209.0,157.0,6007,132.0,6216.0,25.0,-30405.0,False,44.71763261473794
2024-11-05,109.0,245.0,159.0,6045,126.0,6290.0,33.0,-30372.0,False,34.485331595304544
2024-11-06,156.0,256.0,176.0,6086,137.0,6342.0,39.0,-30333.0,False,36.00793563329394
2024-11-07,125.0,232.0,192.0,6084,177.0,6316.0,15.0,-30318.0,False,32.17067579259713
2024-11-11,118.0,139.0,168.0,5963,145.0,6102.0,23.0,-30295.0,False,31.71450021377508
2024-11-12,142.0,235.0,139.0,5975,138.0,6210.0,1.0,-30294.0,False,28.587376501492866
2024-11-13,148.0,245.0,175.0,5966,151.0,6211.0,24.0,-30270.0,False,21.17725644355748
2024-11-14,119.0,219.0,210.0,6025,172.0,6244.0,38.0,-30232.0,False,17.644640357155016
2024-11-17,105.0,210.0,149.0,5816,195.0,6026.0,-46.0,-30278.0,False,18.51897353938364
2024-11-18,143.0,203.0,163.0,5819,138.0,6022.0,25.0,-30253.0,False,16.008926081587298
2024-11-19,119.0,209.0,152.0,5844,146.0,6053.0,6.0,-30247.0,False,16.388149028228927
2024-11-20,155.0,212.0,181.0,5879,148.0,6091.0,33.0,-30214.0,False,18.55622087962261
2024-11-21,109.0,214.0,173.0,5850,210.0,6064.0,-37.0,-30251.0,False,20.022606271531536
2024-11-24,191.0,283.0,192.0,5664,207.0,5947.0,-15.0,-30266.0,False,30.78342163598867
2024-11-25,170.0,297.0,196.0,5715,129.0,6012.0,67.0,-30199.0,False,32.5100716994713
2024-11-26,152.0,272.0,214.0,5826,112.0,6098.0,102.0,-30097.0,False,28.236248233179147
2024-11-27,239.0,367.0,224.0,5862,211.0,6229.0,13.0,-30084.0,False,44.04705276341251
2024-11-28,113.0,280.0,237.0,5963,143.0,6243.0,94.0,-29990.0,False,45.072956732074026
2024-12-01,196.0,306.0,187.0,5986,149.0,6292.0,38.0,-29952.0,False,46.75264189122908
2024-12-02,236.0,330.0,222.0,6061,115.0,6391.0,107.0,-29845.0,False,45.03966505838382
2024-12-03,81.0,230.0,242.0,6192,107.0,6422.0,135.0,-29710.0,False,59.56189257922409
2024-12-04,118.0,245.0,160.0,6269,115.0,6514.0,45.0,-29665.0,False,62.661600605763155
2024-12-05,218.0,283.0,208.0,6310,150.0,6593.0,58.0,-29607.0,False,65.76943855332071
2024-12-08,132.0,243.0,183.0,6286,172.0,6529.0,11.0,-29596.0,False,59.63420239458298
2024-12-09,224.0,315.0,152.0,6268,174.0,6583.0,-22.0,-29618.0,False,60.94923727012098
2024-12-10,167.0,326.0,213.0,6310,149.0,6636.0,64.0,-29554.0,False,60.03610025087669
2024-12-11,209.0,353.0,232.0,6402,152.0,6755.0,80.0,-29474.0,False,55.645989886749035
2024-12-12,153.0,253.0,286.0,6481,194.0,6734.0,92.0,-29382.0,False,42.91408915052289
2024-12-15,180.0,337.0,219.0,6408,224.0,6745.0,-5.0,-29387.0,False,34.99387701543516
2024-12-16,133.0,287.0,189.0,6454,149.0,6741.0,40.0,-29347.0,False,35.68112746456925
2024-12-17,187.0,310.0,247.0,6506,151.0,6816.0,96.0,-29251.0,False,31.427164470671585
2024-12-18,168.0,285.0,210.0,6598,134.0,6883.0,76.0,-29175.0,False,24.40628334398025
2024-12-19,269.0,412.0,204.0,6600,238.0,7012.0,-34.0,-29209.0,False,44.11295026352638
2024-12-22,100.0,255.0,236.0,6595,268.0,6850.0,-32.0,-29241.0,False,52.839379254491455
2024-12-23,205.0,294.0,177.0,6548,231.0,6842.0,-54.0,-29295.0,False,53.69933935924188
2024-12-24,161.0,304.0,211.0,6622,155.0,6926.0,56.0,-29239.0,False,54.02688924882444
2024-12-25,57.0,162.0,193.0,6689,107.0,6851.0,86.0,-29153.0,False,69.28787429131819
2024-12-26,80.0,122.0,152.0,6707,135.0,6829.0,17.0,-29136.0,False,74.90629066341747
2024-12-29,107.0,170.0,133.0,6465,216.0,6635.0,-83.0,-29219.0,False,75.81211110684228
2024-12-30,99.0,156.0,139.0,6454,177.0,6610.0,-38.0,-29257.0,False,50.57620370245684
2025-01-01,25.0,66.0,94.0,6405,144.0,6471.0,-50.0,-29307.0,False,61.24385294712899
2025-01-02,35.0,70.0,53.0,6292,170.0,6362.0,-117.0,-29424.0,False,46.95337099313642
2025-01-05,43.0,73.0,64.0,5882,185.0,5955.0,-121.0,-29545.0,False,32.097322244046566
2025-01-06,41.0,60.0,71.0,5769,190.0,5829.0,-119.0,-29664.0,False,33.20570805778911
2025-01-07,65.0,83.0,65.0,5703,133.0,5786.0,-68.0,-29732.0,False,32.278549563213595
2025-01-08,38.0,80.0,82.0,5605,184.0,5685.0,-102.0,-29834.0,False,24.992379791030917
2025-01-09,56.0,82.0,68.0,5507,164.0,5589.0,-96.0,-29930.0,False,13.350584078540663
2025-01-12,74.0,103.0,80.0,5092,235.0,5195.0,-155.0,-30085.0,False,14.918827989205816
2025-01-13,68.0,107.0,102.0,5019,181.0,5126.0,-79.0,-30164.0,False,14.49137674619214
2025-01-14,92.0,124.0,93.0,4957,139.0,5081.0,-46.0,-30210.0,False,18.894443627693096
2025-01-15,113.0,162.0,107.0,4903,164.0,5065.0,-57.0,-30267.0,False,24.363321378077583
2025-01-16,106.0,196.0,131.0,4881,159.0,5077.0,-28.0,-30295.0,False,27.09507071669893
2025-01-19,86.0,152.0,168.0,4628,176.0,4780.0,-8.0,-30303.0,False,20.51828452868448
2025-01-20,84.0,118.0,136.0,4638,127.0,4756.0,9.0,-30294.0,False,16.196707484343317
2025-01-21,59.0,64.0,117.0,4728,54.0,4792.0,63.0,-30231.0,False,19.221763459064878
2025-01-22,62.0,97.0,52.0,4717,83.0,4814.0,-31.0,-30262.0,False,20.30599254735866
2025-01-23,91.0,75.0,97.0,4621,174.0,4696.0,-77.0,-30339.0,False,20.260212004721044
2025-01-26,29.0,51.0,11.0,4241,182.0,4292.0,-171.0,-30510.0,False,25.660790916810278
2025-01-27,33.0,53.0,34.0,4161,127.0,4214.0,-93.0,-30603.0,False,25.251119730006405
2025-01-28,32.0,49.0,39.0,4096,101.0,4145.0,-62.0,-30665.0,False,25.453973401118333
2025-01-29,32.0,50.0,39.0,4036,99.0,4086.0,-60.0,-30725.0,False,23.321765840194132
2025-01-30,47.0,42.0,47.0,3923,159.0,3965.0,-112.0,-30837.0,False,22.83898087960873
2025-02-02,20.0,22.0,41.0,3483,168.0,3505.0,-127.0,-30964.0,False,23.61395874518159
2025-02-03,23.0,45.0,11.0,3403,102.0,3448.0,-91.0,-31055.0,False,8.668497975021744
2025-02-04,34.0,54.0,29.0,3359,74.0,3413.0,-45.0,-31100.0,False,8.695921320892108
2025-02-05,26.0,36.0,36.0,3290,104.0,3326.0,-68.0,-31168.0,False,8.904252595575525
2025-02-06,25.0,32.0,27.0,3181,145.0,3213.0,-118.0,-31286.0,False,9.107819769433352
2025-02-09,15.0,13.0,23.0,2878,99.0,2891.0,-76.0,-31362.0,False,10.51076545624973
2025-02-10,16.0,18.0,15.0,2834,63.0,2852.0,-48.0,-31410.0,False,6.524678426676253
2025-02-11,11.0,22.0,12.0,2799,50.0,2821.0,-38.0,-31448.0,False,7.892129895397143
2025-02-12,16.0,20.0,20.0,2752,66.0,2772.0,-46.0,-31494.0,False,8.100558475756811
2025-02-13,15.0,10.0,23.0,2703,72.0,2713.0,-49.0,-31543.0,False,5.5891050480560365
2025-02-17,8.0,17.0,14.0,2532,15.0,2549.0,-1.0,-31544.0,False,5.273473599975283
2025-02-18,18.0,19.0,11.0,2536,9.0,2555.0,2.0,-31542.0,False,3.436498771953387
2025-02-19,12.0,17.0,17.0,2528,19.0,2545.0,-2.0,-31544.0,False,3.498298906355622
2025-02-20,13.0,25.0,15.0,2520,32.0,2545.0,-17.0,-31561.0,False,3.3523268394071173
2025-02-23,7.0,16.0,8.0,2423,35.0,2439.0,-27.0,-31588.0,False,4.070801956806931
2025-02-24,20.0,22.0,14.0,2413,24.0,2435.0,-10.0,-31598.0,False,4.820590756142789
2025-02-25,11.0,7.0,7.0,2413,23.0,2420.0,-16.0,-31614.0,False,4.820590756142841
2025-02-26,12.0,21.0,1.0,2411,23.0,2432.0,-22.0,-31636.0,False,4.386125310363273
2025-02-27,10.0,15.0,17.0,2391,37.0,2406.0,-20.0,-31656.0,False,3.976119189566489
2025-03-02,12.0,24.0,4.0,2297,31.0,2321.0,-27.0,-31683.0,False,3.976119189566489
2025-03-03,8.0,29.0,18.0,2287,25.0,2316.0,-7.0,-31690.0,False,4.2370250120216
2025-03-04,4.0,25.0,10.0,2272,30.0,2297.0,-20.0,-31710.0,False,4.864839839787402
2025-03-05,5.0,20.0,4.0,2238,40.0,2258.0,-36.0,-31746.0,False,3.2877840272198116
2025-03-06,7.0,27.0,6.0,2218,33.0,2245.0,-27.0,-31773.0,False,3.1997023671294254
2025-03-09,12.0,25.0,15.0,2137,30.0,2162.0,-15.0,-31788.0,False,3.1997023671294254
2025-03-10,6.0,28.0,8.0,2125,23.0,2153.0,-15.0,-31803.0,False,3.199702367129503
2025-03-11,3.0,11.0,7.0,2116,20.0,2127.0,-13.0,-31816.0,False,2.992052966192439
2025-03-12,6.0,18.0,2.0,2113,8.0,2131.0,-6.0,-31822.0,False,2.911389784331659
2025-03-13,4.0,20.0,9.0,2116,6.0,2136.0,3.0,-31819.0,False,2.911389784331659
2025-03-16,1.0,9.0,8.0,2117,5.0,2126.0,3.0,-31816.0,False,3.505098327555883
2025-03-17,5.0,14.0,0.0,2111,8.0,2125.0,-8.0,-31824.0,False,3.4503277967293076
2025-03-18,19.0,34.0,6.0,2109,8.0,2143.0,-2.0,-31826.0,False,5.879747322083553
2025-03-19,6.0,22.0,14.0,2119,9.0,2141.0,5.0,-31821.0,False,5.879747322083553
2025-03-20,9.0,20.0,11.0,2124,7.0,2144.0,4.0,-31817.0,False,5.756983337041765
2025-03-23,15.0,29.0,9.0,2136,2.0,2165.0,7.0,-31810.0,False,6.425396041166067
2025-03-24,7.0,13.0,11.0,2139,7.0,2152.0,4.0,-31806.0,False,6.1759903775002
2025-03-25,12.0,19.0,7.0,2145,6.0,2164.0,1.0,-31805.0,False,5.159365040309143
2025-03-26,9.0,21.0,15.0,2159,2.0,2180.0,13.0,-31792.0,False,4.654746681268779
2025-03-27,1.0,19.0,13.0,2159,2.0,2178.0,11.0,-31781.0,False,4.466808810828962
2025-03-30,9.0,20.0,5.0,2188,2.0,2208.0,3.0,-31778.0,False,4.336994790133108
2025-03-31,9.0,25.0,8.0,2193,5.0,2218.0,3.0,-31775.0,False,4.336994790133108
2025-04-01,17.0,36.0,7.0,2191,12.0,2227.0,-5.0,-31780.0,False,4.845223470213541
2025-04-02,5.0,31.0,16.0,2208,3.0,2239.0,13.0,-31767.0,False,5.047394424483626
2025-04-03,12.0,26.0,18.0,2223,8.0,2249.0,10.0,-31757.0,False,5.047394424483626
2025-04-06,7.0,14.0,7.0,2234,11.0,2248.0,-4.0,-31761.0,False,5.094347941837023
2025-04-07,12.0,22.0,9.0,2237,5.0,2259.0,4.0,-31757.0,False,3.9339789623620596
2025-04-08,12.0,34.0,12.0,2243,9.0,2277.0,3.0,-31754.0,False,3.9520940802521434
2025-04-09,6.0,19.0,10.0,2251,5.0,2270.0,5.0,-31749.0,False,4.298393941498065
2025-04-10,18.0,25.0,17.0,2265,6.0,2290.0,11.0,-31738.0,False,4.572172558519481
2025-04-11,8.0,22.0,8.0,2267,9.0,2289.0,-1.0,-31739.0,False,4.11154008917318
2025-04-13,5.0,26.0,10.0,2283,3.0,2309.0,7.0,-31732.0,False,4.572172558519535
2025-04-14,5.0,26.0,9.0,2282,13.0,2308.0,-4.0,-31736.0,False,4.825527358313463
2025-04-15,4.0,19.0,12.0,2286,7.0,2305.0,5.0,-31731.0,False,5.056820005848239
2025-04-16,11.0,30.0,5.0,2291,8.0,2321.0,-3.0,-31734.0,False,4.947341758592084
2025-04-17,7.0,26.0,10.0,2288,14.0,2314.0,-4.0,-31738.0,False,4.889249625952874
2025-04-20,4.0,15.0,6.0,2305,4.0,2320.0,2.0,-31736.0,False,2.5634797778700587
2025-04-21,10.0,25.0,5.0,2308,6.0,2333.0,-1.0,-31737.0,False,2.8784916685365256
2025-04-22,7.0,19.0,14.0,2305,17.0,2324.0,-3.0,-31740.0,False,2.794552524044496
2025-04-23,3.0,23.0,4.0,2300,11.0,2323.0,-7.0,-31747.0,False,3.1014589501019554
2025-04-24,3.0,9.0,7.0,2294,13.0,2303.0,-6.0,-31753.0,False,3.258688021147107
2025-04-27,9.0,40.0,12.0,2301,4.0,2341.0,8.0,-31745.0,False,2.8535691936551006
2025-04-28,6.0,26.0,12.0,2307,8.0,2333.0,4.0,-31741.0,False,2.8284271247674746
2025-04-29,11.0,25.0,11.0,2304,15.0,2329.0,-4.0,-31745.0,False,3.2145502536829103
2025-04-30,7.0,34.0,9.0,2309,12.0,2343.0,-3.0,-31748.0,False,2.9358214556010593
2025-05-01,13.0,32.0,14.0,2306,16.0,2338.0,-2.0,-31750.0,False,3.8234863173766915
2025-05-04,9.0,31.0,10.0,2335,5.0,2366.0,5.0,-31745.0,False,3.3022358947961776
2025-05-05,15.0,44.0,20.0,2331,17.0,2375.0,3.0,-31742.0,False,3.2145502536825026
2025-05-06,10.0,33.0,16.0,2339,16.0,2372.0,0.0,-31742.0,False,3.184785258533757
2025-05-07,10.0,30.0,15.0,2335,10.0,2365.0,5.0,-31737.0,False,2.6276913640833444
2025-05-08,15.0,24.0,16.0,2361,11.0,2385.0,5.0,-31732.0,False,3.0937725468340997
2025-05-11,15.0,20.0,12.0,2385,3.0,2405.0,9.0,-31723.0,False,2.6992062325485735
2025-05-12,7.0,33.0,14.0,2392,7.0,2425.0,7.0,-31716.0,False,3.3594217189614373
2025-05-13,18.0,29.0,12.0,2394,11.0,2423.0,1.0,-31715.0,False,3.8913824205507677
2025-05-14,7.0,30.0,14.0,2394,11.0,2424.0,3.0,-31712.0,False,4.309458036870063
2025-05-15,15.0,31.0,14.0,2410,14.0,2441.0,0.0,-31712.0,False,4.391550328281467
2025-05-18,13.0,28.0,14.0,2437,9.0,2465.0,5.0,-31707.0,False,4.259443290263594
2025-05-19,7.0,27.0,17.0,2457,6.0,2484.0,11.0,-31696.0,False,4.644505202014955
2025-05-21,14.0,62.0,13.0,2467,18.0,2529.0,-5.0,-31701.0,False,4.540820148295145
2025-05-22,18.0,36.0,17.0,2473,15.0,2509.0,2.0,-31699.0,False,4.598136268421293
2025-05-27,6.0,24.0,7.0,2504,11.0,2528.0,-4.0,-31703.0,False,4.720774754828908
2025-05-28,12.0,39.0,12.0,2499,14.0,2538.0,-2.0,-31705.0,False,4.298393941497859
2025-05-29,13.0,38.0,15.0,2506,11.0,2544.0,4.0,-31701.0,False,4.140393356068047
2025-06-01,8.0,24.0,16.0,2528,12.0,2552.0,4.0,-31697.0,False,4.336994790132875
2025-06-02,10.0,19.0,5.0,2518,16.0,2537.0,-11.0,-31708.0,False,3.9940431836043633
2025-06-03,5.0,23.0,11.0,2519,15.0,2542.0,-4.0,-31712.0,False,4.49867705422515
2025-06-04,4.0,16.0,9.0,2516,16.0,2532.0,-7.0,-31719.0,False,3.4982989063562897
2025-06-05,8.0,26.0,5.0,2503,21.0,2529.0,-16.0,-31735.0,False,3.3594217189618236
2025-06-08,10.0,16.0,15.0,2507,13.0,2523.0,2.0,-31733.0,False,3.093772546834519
2025-06-09,8.0,21.0,14.0,2516,9.0,2537.0,5.0,-31728.0,False,2.29906813423032
2025-06-10,17.0,28.0,7.0,2511,12.0,2539.0,-5.0,-31733.0,False,4.2594432902640005
2025-06-17,7.0,24.0,10.0,2523,14.0,2547.0,-4.0,-31737.0,False,4.276179870612617
2025-06-19,8.0,19.0,7.0,2501,18.0,2520.0,-11.0,-31748.0,False,4.017817460136165
2025-06-22,7.0,13.0,5.0,2508,7.0,2521.0,-2.0,-31750.0,False,3.545621041728243
2025-06-23,3.0,15.0,5.0,2495,17.0,2510.0,-12.0,-31762.0,False,4.276179870612602
2025-06-24,5.0,20.0,5.0,2489,16.0,2509.0,-11.0,-31773.0,False,4.4131837120506585
2025-06-25,6.0,12.0,2.0,2470,24.0,2482.0,-22.0,-31795.0,False,4.466808810829042
2025-06-26,3.0,9.0,7.0,2447,35.0,2456.0,-28.0,-31823.0,False,1.9880595948063782
2025-06-29,5.0,17.0,7.0,2413,20.0,2430.0,-13.0,-31836.0,False,1.8898223650781494
2025-06-30,9.0,22.0,8.0,2407,16.0,2429.0,-8.0,-31844.0,False,2.14919697077036
2025-07-01,7.0,14.0,6.0,2391,22.0,2405.0,-16.0,-31860.0,False,2.14919697077036
2025-07-02,8.0,20.0,9.0,2373,38.0,2393.0,-29.0,-31889.0,False,2.035400978425969
2025-07-06,4.0,17.0,2.0,2332,8.0,2349.0,-6.0,-31895.0,False,2.1602468994971478
2025-07-07,3.0,18.0,8.0,2317,20.0,2335.0,-12.0,-31907.0,False,2.4397501823960788
2025-07-08,5.0,16.0,8.0,2306,20.0,2322.0,-12.0,-31919.0,False,2.1930626552026067
2025-07-09,2.0,18.0,0.0,2281,32.0,2299.0,-32.0,-31951.0,False,2.6367368000052305
2025-07-10,2.0,12.0,3.0,2252,39.0,2264.0,-36.0,-31987.0,False,2.370453040912088
2025-07-13,1.0,13.0,4.0,2204,10.0,2217.0,-6.0,-31993.0,False,2.370453040912246
2025-07-14,2.0,9.0,1.0,2181,26.0,2190.0,-25.0,-32018.0,False,1.380131118729358
2025-07-15,0.0,8.0,5.0,2171,17.0,2179.0,-12.0,-32030.0,False,1.573591584978205
2025-07-16,1.0,9.0,0.0,2164,11.0,2173.0,-11.0,-32041.0,False,1.5735915849782844
2025-07-17,3.0,16.0,2.0,2153,17.0,2169.0,-15.0,-32056.0,False,0.9759000730121887
2025-07-21,4.0,18.0,7.0,2121,16.0,2139.0,-9.0,-32065.0,False,1.3451854183151863
2025-07-22,5.0,13.0,3.0,2117,16.0,2130.0,-13.0,-32078.0,False,1.7994708217192232
2025-07-23,6.0,21.0,5.0,2111,14.0,2132.0,-9.0,-32087.0,False,2.1602468994977544
2025-07-24,6.0,18.0,7.0,2096,29.0,2114.0,-22.0,-32109.0,False,2.370453040912246
2025-07-27,1.0,12.0,2.0,2088,4.0,2100.0,-2.0,-32111.0,False,2.1380899353280114
2025-07-28,2.0,9.0,3.0,2080,14.0,2089.0,-11.0,-32122.0,False,1.951800145928382
2025-07-29,2.0,8.0,3.0,2072,12.0,2080.0,-9.0,-32131.0,False,2.0586634591932715
2025-07-30,4.0,15.0,4.0,2063,16.0,2078.0,-12.0,-32143.0,False,2.0586634591932715
2025-07-31,2.0,9.0,6.0,2058,15.0,2067.0,-9.0,-32152.0,False,2.0586634591933626
2025-08-03,5.0,26.0,3.0,2049,5.0,2075.0,-2.0,-32154.0,False,1.8644544715045592
2025-08-04,5.0,22.0,11.0,2040,14.0,2062.0,-3.0,-32157.0,False,1.632993161893111
2025-08-05,2.0,21.0,10.0,2042,14.0,2063.0,-4.0,-32161.0,False,1.4638501094647673
2025-08-06,4.0,17.0,3.0,2036,13.0,2053.0,-10.0,-32171.0,False,1.3972762620554218
2025-08-07,4.0,18.0,6.0,2031,17.0,2049.0,-11.0,-32182.0,False,1.253566341104826
2025-08-10,0.0,18.0,8.0,2006,12.0,2024.0,-4.0,-32186.0,False,1.8644544715045592
2025-08-11,6.0,23.0,4.0,1999,16.0,2022.0,-12.0,-32198.0,False,2.058663459193272
2025-08-12,8.0,38.0,9.0,1999,9.0,2037.0,0.0,-32198.0,False,2.6095064302748527
2025-08-13,6.0,22.0,12.0,1997,17.0,2019.0,-5.0,-32203.0,False,2.6903708365608465
2025-08-14,3.0,27.0,4.0,1994,11.0,2021.0,-7.0,-32210.0,False,2.5727509827360606
2025-08-17,4.0,14.0,2.0,1991,3.0,2005.0,-1.0,-32211.0,False,2.5727509827360606
2025-08-18,4.0,20.0,6.0,1985,14.0,2005.0,-8.0,-32219.0,False,2.5727509827360606
2025-08-19,5.0,35.0,3.0,1980,11.0,2015.0,-8.0,-32227.0,False,1.676163419731182
2025-08-20,10.0,38.0,10.0,1983,10.0,2021.0,0.0,-32227.0,False,2.4976179127752625
2025-08-21,6.0,49.0,8.0,1972,21.0,2021.0,-13.0,-32240.0,False,2.299068134230727
2025-08-24,4.0,21.0,5.0,1981,5.0,2002.0,0.0,-32240.0,False,2.3401261667507582
2025-08-25,8.0,30.0,8.0,1980,11.0,2010.0,-3.0,-32243.0,False,2.3401261667506246
2025-08-26,10.0,21.0,20.0,1989,15.0,2010.0,5.0,-32238.0,False,2.6276913640840034
2025-08-27,5.0,19.0,9.0,1988,19.0,2007.0,-10.0,-32248.0,False,2.478478796152342
2025-08-28,8.0,33.0,6.0,1984,17.0,2017.0,-11.0,-32259.0,False,2.3603873774335886
2025-09-01,10.0,29.0,17.0,2010,5.0,2039.0,12.0,-32247.0,False,2.3603873774335886
2025-09-02,6.0,35.0,9.0,2020,9.0,2055.0,0.0,-32247.0,False,2.3603873774335886
2025-09-03,4.0,29.0,11.0,2019,10.0,2048.0,1.0,-32246.0,False,2.3603873774335886
2025-09-04,11.0,40.0,2.0,2015,14.0,2055.0,-12.0,-32258.0,False,2.751622897772774
2025-09-07,4.0,19.0,9.0,2026,7.0,2045.0,2.0,-32256.0,False,2.8535691936549856
2025-09-08,7.0,25.0,5.0,2025,6.0,2050.0,-1.0,-32257.0,False,2.7342623276324174
2025-09-09,18.0,42.0,11.0,2023,14.0,2065.0,-3.0,-32260.0,False,4.961758520843768
2025-09-10,10.0,47.0,14.0,2025,18.0,2072.0,-4.0,-32264.0,False,4.961758520843768
2025-09-11,12.0,38.0,29.0,2047,6.0,2085.0,23.0,-32241.0,False,4.961758520843691
2025-09-14,7.0,39.0,13.0,2083,5.0,2122.0,8.0,-32233.0,False,4.525062483138488
2025-09-15,9.0,47.0,10.0,2086,10.0,2133.0,0.0,-32233.0,False,4.5039665058514275
2025-09-16,7.0,28.0,17.0,2095,12.0,2123.0,5.0,-32228.0,False,4.000000000014606
2025-09-17,7.0,38.0,5.0,2096,13.0,2134.0,-8.0,-32236.0,False,4.000000000014606
2025-09-18,20.0,52.0,11.0,2096,14.0,2148.0,-3.0,-32239.0,False,4.680252333462215
2025-09-21,8.0,35.0,13.0,2134,5.0,2169.0,8.0,-32231.0,False,4.760952285707504
2025-09-22,17.0,40.0,14.0,2141,10.0,2181.0,4.0,-32227.0,False,5.43796180306048
2025-09-23,11.0,36.0,10.0,2145,15.0,2181.0,-5.0,-32232.0,False,5.186980037061799
2025-09-24,3.0,38.0,12.0,2138,17.0,2176.0,-5.0,-32237.0,False,6.051367417300332
2025-09-25,6.0,35.0,12.0,2132,18.0,2167.0,-6.0,-32243.0,False,6.156684327207178
2025-09-28,11.0,29.0,12.0,2146,9.0,2175.0,3.0,-32240.0,False,5.984105932354465
2025-09-29,8.0,35.0,12.0,2148,13.0,2183.0,-1.0,-32241.0,False,4.4507891221267055
2025-09-30,8.0,32.0,12.0,2159,7.0,2191.0,5.0,-32236.0,False,4.4507891221267055
2025-10-01,4.0,33.0,12.0,2163,14.0,2196.0,-2.0,-32238.0,False,3.147183169896715
2025-10-02,20.0,51.0,15.0,2164,16.0,2215.0,-1.0,-32239.0,False,5.711308748366325
2025-10-05,8.0,28.0,13.0,2180,16.0,2208.0,-3.0,-32242.0,False,5.186980037061968
2025-10-06,5.0,33.0,15.0,2187,10.0,2220.0,5.0,-32237.0,False,5.304984179333124
2025-10-07,11.0,45.0,4.0,2189,10.0,2234.0,-6.0,-32243.0,False,5.304984179333124
2025-10-08,8.0,49.0,15.0,2192,17.0,2241.0,-2.0,-32245.0,False,5.304984179333124
2025-10-09,11.0,55.0,13.0,2192,12.0,2247.0,1.0,-32244.0,False,5.31843156257853
2025-10-13,8.0,24.0,7.0,2223,6.0,2247.0,1.0,-32243.0,False,4.8107023544357705
2025-10-14,7.0,30.0,16.0,2235,8.0,2265.0,8.0,-32235.0,False,2.1380899353270695
2025-10-15,8.0,29.0,10.0,2225,15.0,2254.0,-5.0,-32240.0,False,2.1380899353270695
2025-10-16,9.0,33.0,15.0,2233,9.0,2266.0,6.0,-32234.0,False,1.57359158497633
2025-10-19,9.0,34.0,17.0,2237,7.0,2271.0,10.0,-32224.0,False,1.2724180206071078
2025-10-20,10.0,39.0,6.0,2243,7.0,2282.0,-1.0,-32225.0,False,1.3451854183129004
2025-10-21,13.0,39.0,17.0,2251,9.0,2290.0,8.0,-32217.0,False,1.9518001459271914
2025-10-22,12.0,42.0,13.0,2261,12.0,2303.0,1.0,-32216.0,False,2.13808993532678
2025-10-23,4.0,27.0,26.0,2266,18.0,2293.0,8.0,-32208.0,False,2.927700218865662
2025-10-26,4.0,35.0,12.0,2276,10.0,2311.0,2.0,-32206.0,False,3.545621041728309
2025-10-27,2.0,31.0,8.0,2282,11.0,2313.0,-3.0,-32209.0,False,4.347960660456893
2025-10-28,6.0,22.0,11.0,2286,6.0,2308.0,5.0,-32204.0,False,4.347960660456935
2025-10-29,6.0,25.0,4.0,2280,17.0,2305.0,-13.0,-32217.0,False,4.191828786048909
2025-10-30,3.0,17.0,14.0,2287,12.0,2304.0,2.0,-32215.0,False,3.3022358947965604
2025-11-02,5.0,21.0,10.0,2277,7.0,2298.0,3.0,-32212.0,False,1.4960264831269
2025-11-03,3.0,28.0,5.0,2269,12.0,2297.0,-7.0,-32219.0,False,1.5735915849776279
2025-11-04,6.0,33.0,6.0,2270,8.0,2303.0,-2.0,-32221.0,False,1.7182493860038568
2025-11-05,8.0,41.0,8.0,2272,7.0,2313.0,1.0,-32220.0,False,1.7994708217184778
2025-11-06,6.0,33.0,9.0,2264,19.0,2297.0,-10.0,-32230.0,False,1.7994708217184778
2025-11-09,11.0,33.0,5.0,2294,4.0,2327.0,1.0,-32229.0,False,2.8284271247674595
2025-11-11,11.0,39.0,12.0,2294,14.0,2333.0,-2.0,-32231.0,False,3.0237157840935494
2025-11-12,14.0,48.0,20.0,2302,7.0,2350.0,13.0,-32218.0,False,3.7796447301079104
2025-11-13,6.0,26.0,16.0,2317,5.0,2343.0,11.0,-32207.0,False,3.1847852585339225
2025-11-16,5.0,22.0,3.0,2340,5.0,2362.0,-2.0,-32209.0,False,3.3523268394076977
2025-11-17,1.0,35.0,6.0,2343,8.0,2378.0,-2.0,-32211.0,False,4.461475305869207
2025-11-18,2.0,38.0,8.0,2345,12.0,2383.0,-4.0,-32215.0,False,4.947341758592164
2025-11-19,7.0,32.0,3.0,2340,10.0,2372.0,-7.0,-32222.0,False,4.649628761435417
2025-11-20,18.0,57.0,8.0,2340,9.0,2397.0,-1.0,-32223.0,False,6.241184258816584
2025-11-23,3.0,46.0,22.0,2375,1.0,2421.0,21.0,-32202.0,False,5.715476066504609
2025-11-24,9.0,40.0,9.0,2371,13.0,2411.0,-4.0,-32206.0,False,5.826867164480491
2025-11-25,6.0,47.0,14.0,2375,11.0,2422.0,3.0,-32203.0,False,5.798193478935266
2025-11-27,4.0,24.0,8.0,2389,7.0,2413.0,1.0,-32202.0,False,5.4160256031016685
2025-11-30,4.0,18.0,10.0,2415,0.0,2433.0,10.0,-32192.0,False,5.15474815791691
2025-12-01,4.0,26.0,4.0,2410,9.0,2436.0,-5.0,-32197.0,False,5.304984179333311
2025-12-02,7.0,34.0,6.0,2407,8.0,2441.0,-2.0,-32199.0,False,2.138089935327677
2025-12-03,4.0,32.0,8.0,2419,7.0,2451.0,1.0,-32198.0,False,1.9880595948063948
2025-12-04,16.0,39.0,7.0,2418,13.0,2457.0,-6.0,-32204.0,False,4.391550328282056
2025-12-07,4.0,24.0,13.0,2429,12.0,2453.0,1.0,-32203.0,False,4.4880794492719644
2025-12-08,9.0,27.0,9.0,2440,4.0,2467.0,5.0,-32198.0,False,4.488079449271895
2025-12-09,4.0,30.0,7.0,2443,8.0,2473.0,-1.0,-32199.0,False,4.488079449271895
2025-12-10,10.0,54.0,5.0,2439,9.0,2493.0,-4.0,-32203.0,False,4.423960733499722
2025-12-11,7.0,47.0,9.0,2437,10.0,2484.0,-1.0,-32204.0,False,4.423960733499722
2025-12-14,8.0,35.0,4.0,2462,8.0,2497.0,-4.0,-32208.0,False,4.111540089173428
2025-12-15,11.0,42.0,9.0,2470,7.0,2512.0,2.0,-32206.0,False,2.7602622373909647
2025-12-16,8.0,54.0,15.0,2468,9.0,2522.0,6.0,-32200.0,False,2.2677868380814816
2025-12-17,7.0,31.0,11.0,2481,10.0,2512.0,1.0,-32199.0,False,2.2677868380815362
2025-12-18,11.0,50.0,6.0,2472,16.0,2522.0,-10.0,-32209.0,False,1.7728105208890745
2025-12-21,6.0,18.0,11.0,2484,14.0,2502.0,-3.0,-32212.0,False,1.9760470401486512
